Bus,VoltageMag,VoltageAngle
1,1.06,0
2,1.045,-0.0869173967493176
3,1.01,-0.222005880853679
4,1.019,-0.180292511731014
5,1.02,-0.153239908325102
6,1.07,-0.248185819633594
7,1.062,-0.233350520991642
8,1.09,-0.233175988066442
9,1.056,-0.260752190247953
10,1.051,-0.263544717051144
11,1.057,-0.258134196369961
12,1.055,-0.263021118275545
13,1.05,-0.26459191460234
14,1.036,-0.27995081201989
