Bus num (in 14 bus),"P_mech (per unit, assume constant)",H,D,m,gamma
1,1.943301679,2.64,4,1990.513105,1507.964474
2,0.367191622,2.61,4,1967.893638,1507.964474
3,0.287426233,3.42,4,2578.61925,1507.964474
6,3.16E-06,2.45,4,1847.25648,1507.964474
8,0.084949381,3.59,4,2706.79623,1507.964474
