GenBus,PG(electricalpower),H,D,m,gamma
1,232.4,2.64,4,1990.51310531449,1507.9644737231
2,40,2.61,4,1967.89363820865,1507.9644737231
3,0,3.42,4,2578.6192500665,1507.9644737231
6,0,2.45,4,1847.2564803108,1507.9644737231
8,0,3.59,4,2706.79623033297,1507.9644737231
