I_red_mag(per unit),I_red_angle(rad)
0.090494862,2.832591683
0.277158004,2.890069736
0.165444246,2.930311419
0.583597921,2.62386582
0.229215208,2.353805439
