second,I_red_mag(per unit)
0,0.090495,0.27716,0.16544,0.5836,0.22922
