second,I_red_mag(per unit)
0,0.095533,0.29357,0.17565,0.51815,0.26533
